{
    "test_aaccuracy": 0.9717528735632184,
    "f1_score": 0.9719615505291082
}