{
    "test_aaccuracy": 0.9723850574712644,
    "f1_score": 0.9725984431581648
}